"feature","site","JT_p","spearman_rho","perioOnly_log2FC","perioOnly_p","adj_kidney_beta","adj_kidney_p"
"P_Propionic acid","Saliva",2.81628571476565e-09,-0.591596751958964,-1.01873734302316,7.29156705756913e-05,-0.99895560788957,0.000106370854590864
"P_N-lauroylethanolamine","Saliva",0.0029011513567438,-0.311954474482975,-0.604243143810464,0.00847493588329526,-0.481886855295978,0.0264287095798387
"N_2-Hydroxyphenylacetic acid","Saliva",0.184385737325234,-0.138308636789873,0.627964778303816,0.921557811815389,-0.64309295721251,0.186331847318671
"P_Propionic acid","Urine",0.00136585693330045,-0.328201550547257,-0.502081128999169,0.0156501883800731,-0.82391577856873,0.0817802904705862
"P_N-lauroylethanolamine","Urine",0.0223060139918897,-0.239255821948957,-0.257256381254734,0.23088444127153,-0.334551636435137,0.276493298241107
"N_2-Hydroxyphenylacetic acid","Urine",0.00304034832318694,-0.301757406211178,-0.847924482920458,0.0317604738565571,-0.220019199301965,0.661803319360001
