"feature","site","JT_p","spearman_rho","perioOnly_log2FC","perioOnly_p","adj_kidney_beta","adj_kidney_p"
"P_Propionic acid","Saliva",9.89367540173017e-09,-0.57637693038844,-0.596349951482619,3.18193453069889e-05,-0.738773866396557,0.000198520897643986
"P_N-lauroylethanolamine","Saliva",0.00138570110382447,-0.326445545293925,-0.60607702343734,0.00184317090406562,-0.461530233144568,0.00600318421937569
"N_2-Hydroxyphenylacetic acid","Saliva",0.106334286422081,-0.162977391958276,-0.259404800636283,0.357398264455297,-0.583815358669649,0.121474596372181
"P_Propionic acid","Urine",0.00289320284023578,-0.299409054867778,-0.388330586793632,0.0478293235306376,-0.604173732638627,0.0942370006707026
"P_N-lauroylethanolamine","Urine",0.0212613641458804,-0.234494709042623,-0.286757646192292,0.169326692348079,-0.296898367468477,0.224490957587299
"N_2-Hydroxyphenylacetic acid","Urine",0.00334811837347211,-0.292136863548534,-0.7121513737859,0.0312387000135921,-0.326681465744081,0.40427416945086
