feature	metadata	value	coef	stderr	N	N.not.0	pval	qval
F11	Sex	M	-2.70485133590288	0.781785229753934	101	24	0.000811110554783625	0.102740670272593
F46	KidneyDisease	KidneyDisease	-1.03538095468053	0.295958342677719	101	101	0.000714014646408977	0.102740670272593
F75	Periodontitis	Periodontitis	3.71968801256452	1.04390754725967	101	34	0.000575053014969032	0.102740670272593
F75	Age	Age	-0.0941821434048511	0.0280824747022839	101	34	0.00114631712045002	0.108900126442752
F42	KidneyDisease	KidneyDisease	3.17984530009708	0.97692575256724	101	48	0.00157203243182573	0.119474464818755
